"","work_year","experience_level","employment_type","job_title","salary","salary_currency","salary_in_usd","employee_residence","remote_ratio","company_location","company_size","is_us_company","salary_in_usd_10K","is_FT","is_us_person","is_22"
"0",2020,"MI","FT","Data Scientist",70000,"EUR",79833,"DE",0,"DE","L",FALSE,7.9833,TRUE,FALSE,FALSE
"1",2020,"SE","FT","Machine Learning Scientist",260000,"USD",260000,"JP",0,"JP","S",FALSE,26,TRUE,FALSE,FALSE
"2",2020,"SE","FT","Big Data Engineer",85000,"GBP",109024,"GB",50,"GB","M",FALSE,10.9024,TRUE,FALSE,FALSE
"3",2020,"MI","FT","Product Data Analyst",20000,"USD",20000,"HN",0,"HN","S",FALSE,2,TRUE,FALSE,FALSE
"4",2020,"SE","FT","Machine Learning Engineer",150000,"USD",150000,"US",50,"US","L",TRUE,15,TRUE,TRUE,FALSE
"5",2020,"EN","FT","Data Analyst",72000,"USD",72000,"US",100,"US","L",TRUE,7.2,TRUE,TRUE,FALSE
"6",2020,"SE","FT","Lead Data Scientist",190000,"USD",190000,"US",100,"US","S",TRUE,19,TRUE,TRUE,FALSE
"7",2020,"MI","FT","Data Scientist",11000000,"HUF",35735,"HU",50,"HU","L",FALSE,3.5735,TRUE,FALSE,FALSE
"8",2020,"MI","FT","Business Data Analyst",135000,"USD",135000,"US",100,"US","L",TRUE,13.5,TRUE,TRUE,FALSE
"9",2020,"SE","FT","Lead Data Engineer",125000,"USD",125000,"NZ",50,"NZ","S",FALSE,12.5,TRUE,FALSE,FALSE
"10",2020,"EN","FT","Data Scientist",45000,"EUR",51321,"FR",0,"FR","S",FALSE,5.1321,TRUE,FALSE,FALSE
"11",2020,"MI","FT","Data Scientist",3000000,"INR",40481,"IN",0,"IN","L",FALSE,4.0481,TRUE,FALSE,FALSE
"12",2020,"EN","FT","Data Scientist",35000,"EUR",39916,"FR",0,"FR","M",FALSE,3.9916,TRUE,FALSE,FALSE
"13",2020,"MI","FT","Lead Data Analyst",87000,"USD",87000,"US",100,"US","L",TRUE,8.7,TRUE,TRUE,FALSE
"14",2020,"MI","FT","Data Analyst",85000,"USD",85000,"US",100,"US","L",TRUE,8.5,TRUE,TRUE,FALSE
"15",2020,"MI","FT","Data Analyst",8000,"USD",8000,"PK",50,"PK","L",FALSE,0.8,TRUE,FALSE,FALSE
"16",2020,"EN","FT","Data Engineer",4450000,"JPY",41689,"JP",100,"JP","S",FALSE,4.1689,TRUE,FALSE,FALSE
"17",2020,"SE","FT","Big Data Engineer",100000,"EUR",114047,"PL",100,"GB","S",FALSE,11.4047,TRUE,FALSE,FALSE
"18",2020,"EN","FT","Data Science Consultant",423000,"INR",5707,"IN",50,"IN","M",FALSE,0.5707,TRUE,FALSE,FALSE
"19",2020,"MI","FT","Lead Data Engineer",56000,"USD",56000,"PT",100,"US","M",TRUE,5.6,TRUE,FALSE,FALSE
"20",2020,"MI","FT","Machine Learning Engineer",299000,"CNY",43331,"CN",0,"CN","M",FALSE,4.3331,TRUE,FALSE,FALSE
"21",2020,"MI","FT","Product Data Analyst",450000,"INR",6072,"IN",100,"IN","L",FALSE,0.6072,TRUE,FALSE,FALSE
"22",2020,"SE","FT","Data Engineer",42000,"EUR",47899,"GR",50,"GR","L",FALSE,4.7899,TRUE,FALSE,FALSE
"23",2020,"MI","FT","BI Data Analyst",98000,"USD",98000,"US",0,"US","M",TRUE,9.8,TRUE,TRUE,FALSE
"24",2020,"MI","FT","Lead Data Scientist",115000,"USD",115000,"AE",0,"AE","L",FALSE,11.5,TRUE,FALSE,FALSE
"25",2020,"EX","FT","Director of Data Science",325000,"USD",325000,"US",100,"US","L",TRUE,32.5,TRUE,TRUE,FALSE
"26",2020,"EN","FT","Research Scientist",42000,"USD",42000,"NL",50,"NL","L",FALSE,4.2,TRUE,FALSE,FALSE
"27",2020,"SE","FT","Data Engineer",720000,"MXN",33511,"MX",0,"MX","S",FALSE,3.3511,TRUE,FALSE,FALSE
"28",2020,"EN","CT","Business Data Analyst",100000,"USD",100000,"US",100,"US","L",TRUE,10,FALSE,TRUE,FALSE
"29",2020,"SE","FT","Machine Learning Manager",157000,"CAD",117104,"CA",50,"CA","L",FALSE,11.7104,TRUE,FALSE,FALSE
"30",2020,"MI","FT","Data Engineering Manager",51999,"EUR",59303,"DE",100,"DE","S",FALSE,5.9303,TRUE,FALSE,FALSE
"31",2020,"EN","FT","Big Data Engineer",70000,"USD",70000,"US",100,"US","L",TRUE,7,TRUE,TRUE,FALSE
"32",2020,"SE","FT","Data Scientist",60000,"EUR",68428,"GR",100,"US","L",TRUE,6.8428,TRUE,FALSE,FALSE
"33",2020,"MI","FT","Research Scientist",450000,"USD",450000,"US",0,"US","M",TRUE,45,TRUE,TRUE,FALSE
"34",2020,"MI","FT","Data Analyst",41000,"EUR",46759,"FR",50,"FR","L",FALSE,4.6759,TRUE,FALSE,FALSE
"35",2020,"MI","FT","Data Engineer",65000,"EUR",74130,"AT",50,"AT","L",FALSE,7.413,TRUE,FALSE,FALSE
"36",2020,"MI","FT","Data Science Consultant",103000,"USD",103000,"US",100,"US","L",TRUE,10.3,TRUE,TRUE,FALSE
"37",2020,"EN","FT","Machine Learning Engineer",250000,"USD",250000,"US",50,"US","L",TRUE,25,TRUE,TRUE,FALSE
"38",2020,"EN","FT","Data Analyst",10000,"USD",10000,"NG",100,"NG","S",FALSE,1,TRUE,FALSE,FALSE
"39",2020,"EN","FT","Machine Learning Engineer",138000,"USD",138000,"US",100,"US","S",TRUE,13.8,TRUE,TRUE,FALSE
"40",2020,"MI","FT","Data Scientist",45760,"USD",45760,"PH",100,"US","S",TRUE,4.576,TRUE,FALSE,FALSE
"41",2020,"EX","FT","Data Engineering Manager",70000,"EUR",79833,"ES",50,"ES","L",FALSE,7.9833,TRUE,FALSE,FALSE
"42",2020,"MI","FT","Machine Learning Infrastructure Engineer",44000,"EUR",50180,"PT",0,"PT","M",FALSE,5.018,TRUE,FALSE,FALSE
"43",2020,"MI","FT","Data Engineer",106000,"USD",106000,"US",100,"US","L",TRUE,10.6,TRUE,TRUE,FALSE
"44",2020,"MI","FT","Data Engineer",88000,"GBP",112872,"GB",50,"GB","L",FALSE,11.2872,TRUE,FALSE,FALSE
"45",2020,"EN","PT","ML Engineer",14000,"EUR",15966,"DE",100,"DE","S",FALSE,1.5966,FALSE,FALSE,FALSE
"46",2020,"MI","FT","Data Scientist",60000,"GBP",76958,"GB",100,"GB","S",FALSE,7.6958,TRUE,FALSE,FALSE
"47",2020,"SE","FT","Data Engineer",188000,"USD",188000,"US",100,"US","L",TRUE,18.8,TRUE,TRUE,FALSE
"48",2020,"MI","FT","Data Scientist",105000,"USD",105000,"US",100,"US","L",TRUE,10.5,TRUE,TRUE,FALSE
"49",2020,"MI","FT","Data Engineer",61500,"EUR",70139,"FR",50,"FR","L",FALSE,7.0139,TRUE,FALSE,FALSE
"50",2020,"EN","FT","Data Analyst",450000,"INR",6072,"IN",0,"IN","S",FALSE,0.6072,TRUE,FALSE,FALSE
"51",2020,"EN","FT","Data Analyst",91000,"USD",91000,"US",100,"US","L",TRUE,9.1,TRUE,TRUE,FALSE
"52",2020,"EN","FT","AI Scientist",300000,"DKK",45896,"DK",50,"DK","S",FALSE,4.5896,TRUE,FALSE,FALSE
"53",2020,"EN","FT","Data Engineer",48000,"EUR",54742,"PK",100,"DE","L",FALSE,5.4742,TRUE,FALSE,FALSE
"54",2020,"SE","FL","Computer Vision Engineer",60000,"USD",60000,"RU",100,"US","S",TRUE,6,FALSE,FALSE,FALSE
"55",2020,"SE","FT","Principal Data Scientist",130000,"EUR",148261,"DE",100,"DE","M",FALSE,14.8261,TRUE,FALSE,FALSE
"56",2020,"MI","FT","Data Scientist",34000,"EUR",38776,"ES",100,"ES","M",FALSE,3.8776,TRUE,FALSE,FALSE
"57",2020,"MI","FT","Data Scientist",118000,"USD",118000,"US",100,"US","M",TRUE,11.8,TRUE,TRUE,FALSE
"58",2020,"SE","FT","Data Scientist",120000,"USD",120000,"US",50,"US","L",TRUE,12,TRUE,TRUE,FALSE
"59",2020,"MI","FT","Data Scientist",138350,"USD",138350,"US",100,"US","M",TRUE,13.835,TRUE,TRUE,FALSE
"60",2020,"MI","FT","Data Engineer",110000,"USD",110000,"US",100,"US","L",TRUE,11,TRUE,TRUE,FALSE
"61",2020,"MI","FT","Data Engineer",130800,"USD",130800,"ES",100,"US","M",TRUE,13.08,TRUE,FALSE,FALSE
"62",2020,"EN","PT","Data Scientist",19000,"EUR",21669,"IT",50,"IT","S",FALSE,2.1669,FALSE,FALSE,FALSE
"63",2020,"SE","FT","Data Scientist",412000,"USD",412000,"US",100,"US","L",TRUE,41.2,TRUE,TRUE,FALSE
"64",2020,"SE","FT","Machine Learning Engineer",40000,"EUR",45618,"HR",100,"HR","S",FALSE,4.5618,TRUE,FALSE,FALSE
"65",2020,"EN","FT","Data Scientist",55000,"EUR",62726,"DE",50,"DE","S",FALSE,6.2726,TRUE,FALSE,FALSE
"66",2020,"EN","FT","Data Scientist",43200,"EUR",49268,"DE",0,"DE","S",FALSE,4.9268,TRUE,FALSE,FALSE
"67",2020,"SE","FT","Data Science Manager",190200,"USD",190200,"US",100,"US","M",TRUE,19.02,TRUE,TRUE,FALSE
"68",2020,"EN","FT","Data Scientist",105000,"USD",105000,"US",100,"US","S",TRUE,10.5,TRUE,TRUE,FALSE
"69",2020,"SE","FT","Data Scientist",80000,"EUR",91237,"AT",0,"AT","S",FALSE,9.1237,TRUE,FALSE,FALSE
"70",2020,"MI","FT","Data Scientist",55000,"EUR",62726,"FR",50,"LU","S",FALSE,6.2726,TRUE,FALSE,FALSE
"71",2020,"MI","FT","Data Scientist",37000,"EUR",42197,"FR",50,"FR","S",FALSE,4.2197,TRUE,FALSE,FALSE
"72",2021,"EN","FT","Research Scientist",60000,"GBP",82528,"GB",50,"GB","L",FALSE,8.2528,TRUE,FALSE,FALSE
"73",2021,"EX","FT","BI Data Analyst",150000,"USD",150000,"IN",100,"US","L",TRUE,15,TRUE,FALSE,FALSE
"74",2021,"EX","FT","Head of Data",235000,"USD",235000,"US",100,"US","L",TRUE,23.5,TRUE,TRUE,FALSE
"75",2021,"SE","FT","Data Scientist",45000,"EUR",53192,"FR",50,"FR","L",FALSE,5.3192,TRUE,FALSE,FALSE
"76",2021,"MI","FT","BI Data Analyst",100000,"USD",100000,"US",100,"US","M",TRUE,10,TRUE,TRUE,FALSE
"77",2021,"MI","PT","3D Computer Vision Researcher",400000,"INR",5409,"IN",50,"IN","M",FALSE,0.5409,FALSE,FALSE,FALSE
"78",2021,"MI","CT","ML Engineer",270000,"USD",270000,"US",100,"US","L",TRUE,27,FALSE,TRUE,FALSE
"79",2021,"EN","FT","Data Analyst",80000,"USD",80000,"US",100,"US","M",TRUE,8,TRUE,TRUE,FALSE
"80",2021,"SE","FT","Data Analytics Engineer",67000,"EUR",79197,"DE",100,"DE","L",FALSE,7.9197,TRUE,FALSE,FALSE
"81",2021,"MI","FT","Data Engineer",140000,"USD",140000,"US",100,"US","L",TRUE,14,TRUE,TRUE,FALSE
"82",2021,"MI","FT","Applied Data Scientist",68000,"CAD",54238,"GB",50,"CA","L",FALSE,5.4238,TRUE,FALSE,FALSE
"83",2021,"MI","FT","Machine Learning Engineer",40000,"EUR",47282,"ES",100,"ES","S",FALSE,4.7282,TRUE,FALSE,FALSE
"84",2021,"EX","FT","Director of Data Science",130000,"EUR",153667,"IT",100,"PL","L",FALSE,15.3667,TRUE,FALSE,FALSE
"85",2021,"MI","FT","Data Engineer",110000,"PLN",28476,"PL",100,"PL","L",FALSE,2.8476,TRUE,FALSE,FALSE
"86",2021,"EN","FT","Data Analyst",50000,"EUR",59102,"FR",50,"FR","M",FALSE,5.9102,TRUE,FALSE,FALSE
"87",2021,"MI","FT","Data Analytics Engineer",110000,"USD",110000,"US",100,"US","L",TRUE,11,TRUE,TRUE,FALSE
"88",2021,"SE","FT","Lead Data Analyst",170000,"USD",170000,"US",100,"US","L",TRUE,17,TRUE,TRUE,FALSE
"89",2021,"SE","FT","Data Analyst",80000,"USD",80000,"BG",100,"US","S",TRUE,8,TRUE,FALSE,FALSE
"90",2021,"SE","FT","Marketing Data Analyst",75000,"EUR",88654,"GR",100,"DK","L",FALSE,8.8654,TRUE,FALSE,FALSE
"91",2021,"EN","FT","Data Science Consultant",65000,"EUR",76833,"DE",100,"DE","S",FALSE,7.6833,TRUE,FALSE,FALSE
"92",2021,"MI","FT","Lead Data Analyst",1450000,"INR",19609,"IN",100,"IN","L",FALSE,1.9609,TRUE,FALSE,FALSE
"93",2021,"SE","FT","Lead Data Engineer",276000,"USD",276000,"US",0,"US","L",TRUE,27.6,TRUE,TRUE,FALSE
"94",2021,"EN","FT","Data Scientist",2200000,"INR",29751,"IN",50,"IN","L",FALSE,2.9751,TRUE,FALSE,FALSE
"95",2021,"MI","FT","Cloud Data Engineer",120000,"SGD",89294,"SG",50,"SG","L",FALSE,8.9294,TRUE,FALSE,FALSE
"96",2021,"EN","PT","AI Scientist",12000,"USD",12000,"BR",100,"US","S",TRUE,1.2,FALSE,FALSE,FALSE
"97",2021,"MI","FT","Financial Data Analyst",450000,"USD",450000,"US",100,"US","L",TRUE,45,TRUE,TRUE,FALSE
"98",2021,"EN","FT","Computer Vision Software Engineer",70000,"USD",70000,"US",100,"US","M",TRUE,7,TRUE,TRUE,FALSE
"99",2021,"MI","FT","Computer Vision Software Engineer",81000,"EUR",95746,"DE",100,"US","S",TRUE,9.5746,TRUE,FALSE,FALSE
"100",2021,"MI","FT","Data Analyst",75000,"USD",75000,"US",0,"US","L",TRUE,7.5,TRUE,TRUE,FALSE
"101",2021,"SE","FT","Data Engineer",150000,"USD",150000,"US",100,"US","L",TRUE,15,TRUE,TRUE,FALSE
"102",2021,"MI","FT","BI Data Analyst",11000000,"HUF",36259,"HU",50,"US","L",TRUE,3.6259,TRUE,FALSE,FALSE
"103",2021,"MI","FT","Data Analyst",62000,"USD",62000,"US",0,"US","L",TRUE,6.2,TRUE,TRUE,FALSE
"104",2021,"MI","FT","Data Scientist",73000,"USD",73000,"US",0,"US","L",TRUE,7.3,TRUE,TRUE,FALSE
"105",2021,"MI","FT","Data Analyst",37456,"GBP",51519,"GB",50,"GB","L",FALSE,5.1519,TRUE,FALSE,FALSE
"106",2021,"MI","FT","Research Scientist",235000,"CAD",187442,"CA",100,"CA","L",FALSE,18.7442,TRUE,FALSE,FALSE
"107",2021,"SE","FT","Data Engineer",115000,"USD",115000,"US",100,"US","S",TRUE,11.5,TRUE,TRUE,FALSE
"108",2021,"SE","FT","Data Engineer",150000,"USD",150000,"US",100,"US","M",TRUE,15,TRUE,TRUE,FALSE
"109",2021,"EN","FT","Data Engineer",2250000,"INR",30428,"IN",100,"IN","L",FALSE,3.0428,TRUE,FALSE,FALSE
"110",2021,"SE","FT","Machine Learning Engineer",80000,"EUR",94564,"DE",50,"DE","L",FALSE,9.4564,TRUE,FALSE,FALSE
"111",2021,"SE","FT","Director of Data Engineering",82500,"GBP",113476,"GB",100,"GB","M",FALSE,11.3476,TRUE,FALSE,FALSE
"112",2021,"SE","FT","Lead Data Engineer",75000,"GBP",103160,"GB",100,"GB","S",FALSE,10.316,TRUE,FALSE,FALSE
"113",2021,"EN","PT","AI Scientist",12000,"USD",12000,"PK",100,"US","M",TRUE,1.2,FALSE,FALSE,FALSE
"114",2021,"MI","FT","Data Engineer",38400,"EUR",45391,"NL",100,"NL","L",FALSE,4.5391,TRUE,FALSE,FALSE
"115",2021,"EN","FT","Machine Learning Scientist",225000,"USD",225000,"US",100,"US","L",TRUE,22.5,TRUE,TRUE,FALSE
"116",2021,"MI","FT","Data Scientist",50000,"USD",50000,"NG",100,"NG","L",FALSE,5,TRUE,FALSE,FALSE
"117",2021,"MI","FT","Data Science Engineer",34000,"EUR",40189,"GR",100,"GR","M",FALSE,4.0189,TRUE,FALSE,FALSE
"118",2021,"EN","FT","Data Analyst",90000,"USD",90000,"US",100,"US","S",TRUE,9,TRUE,TRUE,FALSE
"119",2021,"MI","FT","Data Engineer",200000,"USD",200000,"US",100,"US","L",TRUE,20,TRUE,TRUE,FALSE
"120",2021,"MI","FT","Big Data Engineer",60000,"USD",60000,"ES",50,"RO","M",FALSE,6,TRUE,FALSE,FALSE
"121",2021,"SE","FT","Principal Data Engineer",200000,"USD",200000,"US",100,"US","M",TRUE,20,TRUE,TRUE,FALSE
"122",2021,"EN","FT","Data Analyst",50000,"USD",50000,"US",100,"US","M",TRUE,5,TRUE,TRUE,FALSE
"123",2021,"EN","FT","Applied Data Scientist",80000,"GBP",110037,"GB",0,"GB","L",FALSE,11.0037,TRUE,FALSE,FALSE
"124",2021,"EN","PT","Data Analyst",8760,"EUR",10354,"ES",50,"ES","M",FALSE,1.0354,FALSE,FALSE,FALSE
"125",2021,"MI","FT","Principal Data Scientist",151000,"USD",151000,"US",100,"US","L",TRUE,15.1,TRUE,TRUE,FALSE
"126",2021,"SE","FT","Machine Learning Scientist",120000,"USD",120000,"US",50,"US","S",TRUE,12,TRUE,TRUE,FALSE
"127",2021,"MI","FT","Data Scientist",700000,"INR",9466,"IN",0,"IN","S",FALSE,0.9466,TRUE,FALSE,FALSE
"128",2021,"EN","FT","Machine Learning Engineer",20000,"USD",20000,"IN",100,"IN","S",FALSE,2,TRUE,FALSE,FALSE
"129",2021,"SE","FT","Lead Data Scientist",3000000,"INR",40570,"IN",50,"IN","L",FALSE,4.057,TRUE,FALSE,FALSE
"130",2021,"EN","FT","Machine Learning Developer",100000,"USD",100000,"IQ",50,"IQ","S",FALSE,10,TRUE,FALSE,FALSE
"131",2021,"EN","FT","Data Scientist",42000,"EUR",49646,"FR",50,"FR","M",FALSE,4.9646,TRUE,FALSE,FALSE
"132",2021,"MI","FT","Applied Machine Learning Scientist",38400,"USD",38400,"VN",100,"US","M",TRUE,3.84,TRUE,FALSE,FALSE
"133",2021,"SE","FT","Computer Vision Engineer",24000,"USD",24000,"BR",100,"BR","M",FALSE,2.4,TRUE,FALSE,FALSE
"134",2021,"EN","FT","Data Scientist",100000,"USD",100000,"US",0,"US","S",TRUE,10,TRUE,TRUE,FALSE
"135",2021,"MI","FT","Data Analyst",90000,"USD",90000,"US",100,"US","M",TRUE,9,TRUE,TRUE,FALSE
"136",2021,"MI","FT","ML Engineer",7000000,"JPY",63711,"JP",50,"JP","S",FALSE,6.3711,TRUE,FALSE,FALSE
"137",2021,"MI","FT","ML Engineer",8500000,"JPY",77364,"JP",50,"JP","S",FALSE,7.7364,TRUE,FALSE,FALSE
"138",2021,"SE","FT","Principal Data Scientist",220000,"USD",220000,"US",0,"US","L",TRUE,22,TRUE,TRUE,FALSE
"139",2021,"EN","FT","Data Scientist",80000,"USD",80000,"US",100,"US","M",TRUE,8,TRUE,TRUE,FALSE
"140",2021,"MI","FT","Data Analyst",135000,"USD",135000,"US",100,"US","L",TRUE,13.5,TRUE,TRUE,FALSE
"141",2021,"SE","FT","Data Science Manager",240000,"USD",240000,"US",0,"US","L",TRUE,24,TRUE,TRUE,FALSE
"142",2021,"SE","FT","Data Engineering Manager",150000,"USD",150000,"US",0,"US","L",TRUE,15,TRUE,TRUE,FALSE
"143",2021,"MI","FT","Data Scientist",82500,"USD",82500,"US",100,"US","S",TRUE,8.25,TRUE,TRUE,FALSE
"144",2021,"MI","FT","Data Engineer",100000,"USD",100000,"US",100,"US","L",TRUE,10,TRUE,TRUE,FALSE
"145",2021,"SE","FT","Machine Learning Engineer",70000,"EUR",82744,"BE",50,"BE","M",FALSE,8.2744,TRUE,FALSE,FALSE
"146",2021,"MI","FT","Research Scientist",53000,"EUR",62649,"FR",50,"FR","M",FALSE,6.2649,TRUE,FALSE,FALSE
"147",2021,"MI","FT","Data Engineer",90000,"USD",90000,"US",100,"US","L",TRUE,9,TRUE,TRUE,FALSE
"148",2021,"SE","FT","Data Engineering Manager",153000,"USD",153000,"US",100,"US","L",TRUE,15.3,TRUE,TRUE,FALSE
"149",2021,"SE","FT","Cloud Data Engineer",160000,"USD",160000,"BR",100,"US","S",TRUE,16,TRUE,FALSE,FALSE
"150",2021,"SE","FT","Director of Data Science",168000,"USD",168000,"JP",0,"JP","S",FALSE,16.8,TRUE,FALSE,FALSE
"151",2021,"MI","FT","Data Scientist",150000,"USD",150000,"US",100,"US","M",TRUE,15,TRUE,TRUE,FALSE
"152",2021,"MI","FT","Data Scientist",95000,"CAD",75774,"CA",100,"CA","L",FALSE,7.5774,TRUE,FALSE,FALSE
"153",2021,"EN","FT","Data Scientist",13400,"USD",13400,"UA",100,"UA","L",FALSE,1.34,TRUE,FALSE,FALSE
"154",2021,"SE","FT","Data Science Manager",144000,"USD",144000,"US",100,"US","L",TRUE,14.4,TRUE,TRUE,FALSE
"155",2021,"SE","FT","Data Science Engineer",159500,"CAD",127221,"CA",50,"CA","L",FALSE,12.7221,TRUE,FALSE,FALSE
"156",2021,"MI","FT","Data Scientist",160000,"SGD",119059,"SG",100,"IL","M",FALSE,11.9059,TRUE,FALSE,FALSE
"157",2021,"MI","FT","Applied Machine Learning Scientist",423000,"USD",423000,"US",50,"US","L",TRUE,42.3,TRUE,TRUE,FALSE
"158",2021,"SE","FT","Data Analytics Manager",120000,"USD",120000,"US",100,"US","M",TRUE,12,TRUE,TRUE,FALSE
"159",2021,"EN","FT","Machine Learning Engineer",125000,"USD",125000,"US",100,"US","S",TRUE,12.5,TRUE,TRUE,FALSE
"160",2021,"EX","FT","Head of Data",230000,"USD",230000,"RU",50,"RU","L",FALSE,23,TRUE,FALSE,FALSE
"161",2021,"EX","FT","Head of Data Science",85000,"USD",85000,"RU",0,"RU","M",FALSE,8.5,TRUE,FALSE,FALSE
"162",2021,"MI","FT","Data Engineer",24000,"EUR",28369,"MT",50,"MT","L",FALSE,2.8369,TRUE,FALSE,FALSE
"163",2021,"EN","FT","Data Science Consultant",54000,"EUR",63831,"DE",50,"DE","L",FALSE,6.3831,TRUE,FALSE,FALSE
"164",2021,"EX","FT","Director of Data Science",110000,"EUR",130026,"DE",50,"DE","M",FALSE,13.0026,TRUE,FALSE,FALSE
"165",2021,"SE","FT","Data Specialist",165000,"USD",165000,"US",100,"US","L",TRUE,16.5,TRUE,TRUE,FALSE
"166",2021,"EN","FT","Data Engineer",80000,"USD",80000,"US",100,"US","L",TRUE,8,TRUE,TRUE,FALSE
"167",2021,"EX","FT","Director of Data Science",250000,"USD",250000,"US",0,"US","L",TRUE,25,TRUE,TRUE,FALSE
"168",2021,"EN","FT","BI Data Analyst",55000,"USD",55000,"US",50,"US","S",TRUE,5.5,TRUE,TRUE,FALSE
"169",2021,"MI","FT","Data Architect",150000,"USD",150000,"US",100,"US","L",TRUE,15,TRUE,TRUE,FALSE
"170",2021,"MI","FT","Data Architect",170000,"USD",170000,"US",100,"US","L",TRUE,17,TRUE,TRUE,FALSE
"171",2021,"MI","FT","Data Engineer",60000,"GBP",82528,"GB",100,"GB","L",FALSE,8.2528,TRUE,FALSE,FALSE
"172",2021,"EN","FT","Data Analyst",60000,"USD",60000,"US",100,"US","S",TRUE,6,TRUE,TRUE,FALSE
"173",2021,"SE","FT","Principal Data Scientist",235000,"USD",235000,"US",100,"US","L",TRUE,23.5,TRUE,TRUE,FALSE
"174",2021,"SE","FT","Research Scientist",51400,"EUR",60757,"PT",50,"PT","L",FALSE,6.0757,TRUE,FALSE,FALSE
"175",2021,"SE","FT","Data Engineering Manager",174000,"USD",174000,"US",100,"US","L",TRUE,17.4,TRUE,TRUE,FALSE
"176",2021,"MI","FT","Data Scientist",58000,"MXN",2859,"MX",0,"MX","S",FALSE,0.2859,TRUE,FALSE,FALSE
"177",2021,"MI","FT","Data Scientist",30400000,"CLP",40038,"CL",100,"CL","L",FALSE,4.0038,TRUE,FALSE,FALSE
"178",2021,"EN","FT","Machine Learning Engineer",81000,"USD",81000,"US",50,"US","S",TRUE,8.1,TRUE,TRUE,FALSE
"179",2021,"MI","FT","Data Scientist",420000,"INR",5679,"IN",100,"US","S",TRUE,0.5679,TRUE,FALSE,FALSE
"180",2021,"MI","FT","Big Data Engineer",1672000,"INR",22611,"IN",0,"IN","L",FALSE,2.2611,TRUE,FALSE,FALSE
"181",2021,"MI","FT","Data Scientist",76760,"EUR",90734,"DE",50,"DE","L",FALSE,9.0734,TRUE,FALSE,FALSE
"182",2021,"MI","FT","Data Engineer",22000,"EUR",26005,"RO",0,"US","L",TRUE,2.6005,TRUE,FALSE,FALSE
"183",2021,"SE","FT","Finance Data Analyst",45000,"GBP",61896,"GB",50,"GB","L",FALSE,6.1896,TRUE,FALSE,FALSE
"184",2021,"MI","FL","Machine Learning Scientist",12000,"USD",12000,"PK",50,"PK","M",FALSE,1.2,FALSE,FALSE,FALSE
"185",2021,"MI","FT","Data Engineer",4000,"USD",4000,"IR",100,"IR","M",FALSE,0.4,TRUE,FALSE,FALSE
"186",2021,"SE","FT","Data Analytics Engineer",50000,"USD",50000,"VN",100,"GB","M",FALSE,5,TRUE,FALSE,FALSE
"187",2021,"EX","FT","Data Science Consultant",59000,"EUR",69741,"FR",100,"ES","S",FALSE,6.9741,TRUE,FALSE,FALSE
"188",2021,"SE","FT","Data Engineer",65000,"EUR",76833,"RO",50,"GB","S",FALSE,7.6833,TRUE,FALSE,FALSE
"189",2021,"MI","FT","Machine Learning Engineer",74000,"USD",74000,"JP",50,"JP","S",FALSE,7.4,TRUE,FALSE,FALSE
"190",2021,"SE","FT","Data Science Manager",152000,"USD",152000,"US",100,"FR","L",FALSE,15.2,TRUE,TRUE,FALSE
"191",2021,"EN","FT","Machine Learning Engineer",21844,"USD",21844,"CO",50,"CO","M",FALSE,2.1844,TRUE,FALSE,FALSE
"192",2021,"MI","FT","Big Data Engineer",18000,"USD",18000,"MD",0,"MD","S",FALSE,1.8,TRUE,FALSE,FALSE
"193",2021,"SE","FT","Data Science Manager",174000,"USD",174000,"US",100,"US","L",TRUE,17.4,TRUE,TRUE,FALSE
"194",2021,"SE","FT","Research Scientist",120500,"CAD",96113,"CA",50,"CA","L",FALSE,9.6113,TRUE,FALSE,FALSE
"195",2021,"MI","FT","Data Scientist",147000,"USD",147000,"US",50,"US","L",TRUE,14.7,TRUE,TRUE,FALSE
"196",2021,"EN","FT","BI Data Analyst",9272,"USD",9272,"KE",100,"KE","S",FALSE,0.9272,TRUE,FALSE,FALSE
"197",2021,"SE","FT","Machine Learning Engineer",1799997,"INR",24342,"IN",100,"IN","L",FALSE,2.4342,TRUE,FALSE,FALSE
"198",2021,"SE","FT","Data Science Manager",4000000,"INR",54094,"IN",50,"US","L",TRUE,5.4094,TRUE,FALSE,FALSE
"199",2021,"EN","FT","Data Science Consultant",90000,"USD",90000,"US",100,"US","S",TRUE,9,TRUE,TRUE,FALSE
"200",2021,"MI","FT","Data Scientist",52000,"EUR",61467,"DE",50,"AT","M",FALSE,6.1467,TRUE,FALSE,FALSE
"201",2021,"SE","FT","Machine Learning Infrastructure Engineer",195000,"USD",195000,"US",100,"US","M",TRUE,19.5,TRUE,TRUE,FALSE
"202",2021,"MI","FT","Data Scientist",32000,"EUR",37825,"ES",100,"ES","L",FALSE,3.7825,TRUE,FALSE,FALSE
"203",2021,"SE","FT","Research Scientist",50000,"USD",50000,"FR",100,"US","S",TRUE,5,TRUE,FALSE,FALSE
"204",2021,"MI","FT","Data Scientist",160000,"USD",160000,"US",100,"US","L",TRUE,16,TRUE,TRUE,FALSE
"205",2021,"MI","FT","Data Scientist",69600,"BRL",12901,"BR",0,"BR","S",FALSE,1.2901,TRUE,FALSE,FALSE
"206",2021,"SE","FT","Machine Learning Engineer",200000,"USD",200000,"US",100,"US","L",TRUE,20,TRUE,TRUE,FALSE
"207",2021,"SE","FT","Data Engineer",165000,"USD",165000,"US",0,"US","M",TRUE,16.5,TRUE,TRUE,FALSE
"208",2021,"MI","FL","Data Engineer",20000,"USD",20000,"IT",0,"US","L",TRUE,2,FALSE,FALSE,FALSE
"209",2021,"SE","FT","Data Analytics Manager",120000,"USD",120000,"US",0,"US","L",TRUE,12,TRUE,TRUE,FALSE
"210",2021,"MI","FT","Machine Learning Engineer",21000,"EUR",24823,"SI",50,"SI","L",FALSE,2.4823,TRUE,FALSE,FALSE
"211",2021,"MI","FT","Research Scientist",48000,"EUR",56738,"FR",50,"FR","S",FALSE,5.6738,TRUE,FALSE,FALSE
"212",2021,"MI","FT","Data Engineer",48000,"GBP",66022,"HK",50,"GB","S",FALSE,6.6022,TRUE,FALSE,FALSE
"213",2021,"EN","FT","Big Data Engineer",435000,"INR",5882,"IN",0,"CH","L",FALSE,0.5882,TRUE,FALSE,FALSE
"214",2021,"EN","FT","Machine Learning Engineer",21000,"EUR",24823,"DE",50,"DE","M",FALSE,2.4823,TRUE,FALSE,FALSE
"215",2021,"SE","FT","Principal Data Engineer",185000,"USD",185000,"US",100,"US","L",TRUE,18.5,TRUE,TRUE,FALSE
"216",2021,"EN","PT","Computer Vision Engineer",180000,"DKK",28609,"DK",50,"DK","S",FALSE,2.8609,FALSE,FALSE,FALSE
"217",2021,"MI","FT","Data Scientist",76760,"EUR",90734,"DE",50,"DE","L",FALSE,9.0734,TRUE,FALSE,FALSE
"218",2021,"MI","FT","Machine Learning Engineer",75000,"EUR",88654,"BE",100,"BE","M",FALSE,8.8654,TRUE,FALSE,FALSE
"219",2021,"SE","FT","Data Analytics Manager",140000,"USD",140000,"US",100,"US","L",TRUE,14,TRUE,TRUE,FALSE
"220",2021,"MI","FT","Machine Learning Engineer",180000,"PLN",46597,"PL",100,"PL","L",FALSE,4.6597,TRUE,FALSE,FALSE
"221",2021,"MI","FT","Data Scientist",85000,"GBP",116914,"GB",50,"GB","L",FALSE,11.6914,TRUE,FALSE,FALSE
"222",2021,"MI","FT","Data Scientist",2500000,"INR",33808,"IN",0,"IN","M",FALSE,3.3808,TRUE,FALSE,FALSE
"223",2021,"MI","FT","Data Scientist",40900,"GBP",56256,"GB",50,"GB","L",FALSE,5.6256,TRUE,FALSE,FALSE
"224",2021,"SE","FT","Machine Learning Scientist",225000,"USD",225000,"US",100,"CA","L",FALSE,22.5,TRUE,TRUE,FALSE
"225",2021,"EX","CT","Principal Data Scientist",416000,"USD",416000,"US",100,"US","S",TRUE,41.6,FALSE,TRUE,FALSE
"226",2021,"SE","FT","Data Scientist",110000,"CAD",87738,"CA",100,"CA","S",FALSE,8.7738,TRUE,FALSE,FALSE
"227",2021,"MI","FT","Data Scientist",75000,"EUR",88654,"DE",50,"DE","L",FALSE,8.8654,TRUE,FALSE,FALSE
"228",2021,"SE","FT","Data Scientist",135000,"USD",135000,"US",0,"US","L",TRUE,13.5,TRUE,TRUE,FALSE
"229",2021,"SE","FT","Data Analyst",90000,"CAD",71786,"CA",100,"CA","M",FALSE,7.1786,TRUE,FALSE,FALSE
"230",2021,"EN","FT","Big Data Engineer",1200000,"INR",16228,"IN",100,"IN","L",FALSE,1.6228,TRUE,FALSE,FALSE
"231",2021,"SE","FT","ML Engineer",256000,"USD",256000,"US",100,"US","S",TRUE,25.6,TRUE,TRUE,FALSE
"232",2021,"SE","FT","Director of Data Engineering",200000,"USD",200000,"US",100,"US","L",TRUE,20,TRUE,TRUE,FALSE
"233",2021,"SE","FT","Data Analyst",200000,"USD",200000,"US",100,"US","L",TRUE,20,TRUE,TRUE,FALSE
"234",2021,"MI","FT","Data Architect",180000,"USD",180000,"US",100,"US","L",TRUE,18,TRUE,TRUE,FALSE
"235",2021,"MI","FT","Head of Data Science",110000,"USD",110000,"US",0,"US","S",TRUE,11,TRUE,TRUE,FALSE
"236",2021,"MI","FT","Research Scientist",80000,"CAD",63810,"CA",100,"CA","M",FALSE,6.381,TRUE,FALSE,FALSE
"237",2021,"MI","FT","Data Scientist",39600,"EUR",46809,"ES",100,"ES","M",FALSE,4.6809,TRUE,FALSE,FALSE
"238",2021,"EN","FT","Data Scientist",4000,"USD",4000,"VN",0,"VN","M",FALSE,0.4,TRUE,FALSE,FALSE
"239",2021,"EN","FT","Data Engineer",1600000,"INR",21637,"IN",50,"IN","M",FALSE,2.1637,TRUE,FALSE,FALSE
"240",2021,"SE","FT","Data Scientist",130000,"CAD",103691,"CA",100,"CA","L",FALSE,10.3691,TRUE,FALSE,FALSE
"241",2021,"MI","FT","Data Analyst",80000,"USD",80000,"US",100,"US","L",TRUE,8,TRUE,TRUE,FALSE
"242",2021,"MI","FT","Data Engineer",110000,"USD",110000,"US",100,"US","L",TRUE,11,TRUE,TRUE,FALSE
"243",2021,"SE","FT","Data Scientist",165000,"USD",165000,"US",100,"US","L",TRUE,16.5,TRUE,TRUE,FALSE
"244",2021,"EN","FT","AI Scientist",1335000,"INR",18053,"IN",100,"AS","S",FALSE,1.8053,TRUE,FALSE,FALSE
"245",2021,"MI","FT","Data Engineer",52500,"GBP",72212,"GB",50,"GB","L",FALSE,7.2212,TRUE,FALSE,FALSE
"246",2021,"EN","FT","Data Scientist",31000,"EUR",36643,"FR",50,"FR","L",FALSE,3.6643,TRUE,FALSE,FALSE
"247",2021,"MI","FT","Data Engineer",108000,"TRY",12103,"TR",0,"TR","M",FALSE,1.2103,TRUE,FALSE,FALSE
"248",2021,"SE","FT","Data Engineer",70000,"GBP",96282,"GB",50,"GB","L",FALSE,9.6282,TRUE,FALSE,FALSE
"249",2021,"SE","FT","Principal Data Analyst",170000,"USD",170000,"US",100,"US","M",TRUE,17,TRUE,TRUE,FALSE
"250",2021,"MI","FT","Data Scientist",115000,"USD",115000,"US",50,"US","L",TRUE,11.5,TRUE,TRUE,FALSE
"251",2021,"EN","FT","Data Scientist",90000,"USD",90000,"US",100,"US","S",TRUE,9,TRUE,TRUE,FALSE
"252",2021,"EX","FT","Principal Data Engineer",600000,"USD",600000,"US",100,"US","L",TRUE,60,TRUE,TRUE,FALSE
"253",2021,"EN","FT","Data Scientist",2100000,"INR",28399,"IN",100,"IN","M",FALSE,2.8399,TRUE,FALSE,FALSE
"254",2021,"MI","FT","Data Analyst",93000,"USD",93000,"US",100,"US","L",TRUE,9.3,TRUE,TRUE,FALSE
"255",2021,"SE","FT","Big Data Architect",125000,"CAD",99703,"CA",50,"CA","M",FALSE,9.9703,TRUE,FALSE,FALSE
"256",2021,"MI","FT","Data Engineer",200000,"USD",200000,"US",100,"US","L",TRUE,20,TRUE,TRUE,FALSE
"257",2021,"SE","FT","Principal Data Scientist",147000,"EUR",173762,"DE",100,"DE","M",FALSE,17.3762,TRUE,FALSE,FALSE
"258",2021,"SE","FT","Machine Learning Engineer",185000,"USD",185000,"US",50,"US","L",TRUE,18.5,TRUE,TRUE,FALSE
"259",2021,"EX","FT","Director of Data Science",120000,"EUR",141846,"DE",0,"DE","L",FALSE,14.1846,TRUE,FALSE,FALSE
"260",2021,"MI","FT","Data Scientist",130000,"USD",130000,"US",50,"US","L",TRUE,13,TRUE,TRUE,FALSE
"261",2021,"SE","FT","Data Analyst",54000,"EUR",63831,"DE",50,"DE","L",FALSE,6.3831,TRUE,FALSE,FALSE
"262",2021,"MI","FT","Data Scientist",1250000,"INR",16904,"IN",100,"IN","S",FALSE,1.6904,TRUE,FALSE,FALSE
"263",2021,"SE","FT","Machine Learning Engineer",4900000,"INR",66265,"IN",0,"IN","L",FALSE,6.6265,TRUE,FALSE,FALSE
"264",2021,"MI","FT","Data Scientist",21600,"EUR",25532,"RS",100,"DE","S",FALSE,2.5532,TRUE,FALSE,FALSE
"265",2021,"SE","FT","Lead Data Engineer",160000,"USD",160000,"PR",50,"US","S",TRUE,16,TRUE,FALSE,FALSE
"266",2021,"MI","FT","Data Engineer",93150,"USD",93150,"US",0,"US","M",TRUE,9.315,TRUE,TRUE,FALSE
"267",2021,"MI","FT","Data Engineer",111775,"USD",111775,"US",0,"US","M",TRUE,11.1775,TRUE,TRUE,FALSE
"268",2021,"MI","FT","Data Engineer",250000,"TRY",28016,"TR",100,"TR","M",FALSE,2.8016,TRUE,FALSE,FALSE
"269",2021,"EN","FT","Data Engineer",55000,"EUR",65013,"DE",50,"DE","M",FALSE,6.5013,TRUE,FALSE,FALSE
"270",2021,"EN","FT","Data Engineer",72500,"USD",72500,"US",100,"US","L",TRUE,7.25,TRUE,TRUE,FALSE
"271",2021,"SE","FT","Computer Vision Engineer",102000,"BRL",18907,"BR",0,"BR","M",FALSE,1.8907,TRUE,FALSE,FALSE
"272",2021,"EN","FT","Data Science Consultant",65000,"EUR",76833,"DE",0,"DE","L",FALSE,7.6833,TRUE,FALSE,FALSE
"273",2021,"EN","FT","Machine Learning Engineer",85000,"USD",85000,"NL",100,"DE","S",FALSE,8.5,TRUE,FALSE,FALSE
"274",2021,"SE","FT","Data Scientist",65720,"EUR",77684,"FR",50,"FR","M",FALSE,7.7684,TRUE,FALSE,FALSE
"275",2021,"EN","FT","Data Scientist",100000,"USD",100000,"US",100,"US","M",TRUE,10,TRUE,TRUE,FALSE
"276",2021,"EN","FT","Data Scientist",58000,"USD",58000,"US",50,"US","L",TRUE,5.8,TRUE,TRUE,FALSE
"277",2021,"SE","FT","AI Scientist",55000,"USD",55000,"ES",100,"ES","L",FALSE,5.5,TRUE,FALSE,FALSE
"278",2021,"SE","FT","Data Scientist",180000,"TRY",20171,"TR",50,"TR","L",FALSE,2.0171,TRUE,FALSE,FALSE
"279",2021,"EN","FT","Business Data Analyst",50000,"EUR",59102,"LU",100,"LU","L",FALSE,5.9102,TRUE,FALSE,FALSE
"280",2021,"MI","FT","Data Engineer",112000,"USD",112000,"US",100,"US","L",TRUE,11.2,TRUE,TRUE,FALSE
"281",2021,"EN","FT","Research Scientist",100000,"USD",100000,"JE",0,"CN","L",FALSE,10,TRUE,FALSE,FALSE
"282",2021,"MI","PT","Data Engineer",59000,"EUR",69741,"NL",100,"NL","L",FALSE,6.9741,FALSE,FALSE,FALSE
"283",2021,"SE","CT","Staff Data Scientist",105000,"USD",105000,"US",100,"US","M",TRUE,10.5,FALSE,TRUE,FALSE
"284",2021,"MI","FT","Research Scientist",69999,"USD",69999,"CZ",50,"CZ","L",FALSE,6.9999,TRUE,FALSE,FALSE
"285",2021,"SE","FT","Data Science Manager",7000000,"INR",94665,"IN",50,"IN","L",FALSE,9.4665,TRUE,FALSE,FALSE
"286",2021,"SE","FT","Head of Data",87000,"EUR",102839,"SI",100,"SI","L",FALSE,10.2839,TRUE,FALSE,FALSE
"287",2021,"MI","FT","Data Scientist",109000,"USD",109000,"US",50,"US","L",TRUE,10.9,TRUE,TRUE,FALSE
"288",2021,"MI","FT","Machine Learning Engineer",43200,"EUR",51064,"IT",50,"IT","L",FALSE,5.1064,TRUE,FALSE,FALSE
"289",2022,"SE","FT","Data Engineer",135000,"USD",135000,"US",100,"US","M",TRUE,13.5,TRUE,TRUE,TRUE
"290",2022,"SE","FT","Data Analyst",155000,"USD",155000,"US",100,"US","M",TRUE,15.5,TRUE,TRUE,TRUE
"291",2022,"SE","FT","Data Analyst",120600,"USD",120600,"US",100,"US","M",TRUE,12.06,TRUE,TRUE,TRUE
"292",2022,"MI","FT","Data Scientist",130000,"USD",130000,"US",0,"US","M",TRUE,13,TRUE,TRUE,TRUE
"293",2022,"MI","FT","Data Scientist",90000,"USD",90000,"US",0,"US","M",TRUE,9,TRUE,TRUE,TRUE
"294",2022,"MI","FT","Data Engineer",170000,"USD",170000,"US",100,"US","M",TRUE,17,TRUE,TRUE,TRUE
"295",2022,"MI","FT","Data Engineer",150000,"USD",150000,"US",100,"US","M",TRUE,15,TRUE,TRUE,TRUE
"296",2022,"SE","FT","Data Analyst",102100,"USD",102100,"US",100,"US","M",TRUE,10.21,TRUE,TRUE,TRUE
"297",2022,"SE","FT","Data Analyst",84900,"USD",84900,"US",100,"US","M",TRUE,8.49,TRUE,TRUE,TRUE
"298",2022,"SE","FT","Data Scientist",136620,"USD",136620,"US",100,"US","M",TRUE,13.662,TRUE,TRUE,TRUE
"299",2022,"SE","FT","Data Scientist",99360,"USD",99360,"US",100,"US","M",TRUE,9.936,TRUE,TRUE,TRUE
"300",2022,"SE","FT","Data Scientist",90000,"GBP",117789,"GB",0,"GB","M",FALSE,11.7789,TRUE,FALSE,TRUE
"301",2022,"SE","FT","Data Scientist",80000,"GBP",104702,"GB",0,"GB","M",FALSE,10.4702,TRUE,FALSE,TRUE
"302",2022,"SE","FT","Data Scientist",146000,"USD",146000,"US",100,"US","M",TRUE,14.6,TRUE,TRUE,TRUE
"303",2022,"SE","FT","Data Scientist",123000,"USD",123000,"US",100,"US","M",TRUE,12.3,TRUE,TRUE,TRUE
"304",2022,"EN","FT","Data Engineer",40000,"GBP",52351,"GB",100,"GB","M",FALSE,5.2351,TRUE,FALSE,TRUE
"305",2022,"SE","FT","Data Analyst",99000,"USD",99000,"US",0,"US","M",TRUE,9.9,TRUE,TRUE,TRUE
"306",2022,"SE","FT","Data Analyst",116000,"USD",116000,"US",0,"US","M",TRUE,11.6,TRUE,TRUE,TRUE
"307",2022,"MI","FT","Data Analyst",106260,"USD",106260,"US",0,"US","M",TRUE,10.626,TRUE,TRUE,TRUE
"308",2022,"MI","FT","Data Analyst",126500,"USD",126500,"US",0,"US","M",TRUE,12.65,TRUE,TRUE,TRUE
"309",2022,"EX","FT","Data Engineer",242000,"USD",242000,"US",100,"US","M",TRUE,24.2,TRUE,TRUE,TRUE
"310",2022,"EX","FT","Data Engineer",200000,"USD",200000,"US",100,"US","M",TRUE,20,TRUE,TRUE,TRUE
"311",2022,"MI","FT","Data Scientist",50000,"GBP",65438,"GB",0,"GB","M",FALSE,6.5438,TRUE,FALSE,TRUE
"312",2022,"MI","FT","Data Scientist",30000,"GBP",39263,"GB",0,"GB","M",FALSE,3.9263,TRUE,FALSE,TRUE
"313",2022,"MI","FT","Data Engineer",60000,"GBP",78526,"GB",0,"GB","M",FALSE,7.8526,TRUE,FALSE,TRUE
"314",2022,"MI","FT","Data Engineer",40000,"GBP",52351,"GB",0,"GB","M",FALSE,5.2351,TRUE,FALSE,TRUE
"315",2022,"SE","FT","Data Scientist",165220,"USD",165220,"US",100,"US","M",TRUE,16.522,TRUE,TRUE,TRUE
"316",2022,"EN","FT","Data Engineer",35000,"GBP",45807,"GB",100,"GB","M",FALSE,4.5807,TRUE,FALSE,TRUE
"317",2022,"SE","FT","Data Scientist",120160,"USD",120160,"US",100,"US","M",TRUE,12.016,TRUE,TRUE,TRUE
"318",2022,"SE","FT","Data Analyst",90320,"USD",90320,"US",100,"US","M",TRUE,9.032,TRUE,TRUE,TRUE
"319",2022,"SE","FT","Data Engineer",181940,"USD",181940,"US",0,"US","M",TRUE,18.194,TRUE,TRUE,TRUE
"320",2022,"SE","FT","Data Engineer",132320,"USD",132320,"US",0,"US","M",TRUE,13.232,TRUE,TRUE,TRUE
"321",2022,"SE","FT","Data Engineer",220110,"USD",220110,"US",0,"US","M",TRUE,22.011,TRUE,TRUE,TRUE
"322",2022,"SE","FT","Data Engineer",160080,"USD",160080,"US",0,"US","M",TRUE,16.008,TRUE,TRUE,TRUE
"323",2022,"SE","FT","Data Scientist",180000,"USD",180000,"US",0,"US","L",TRUE,18,TRUE,TRUE,TRUE
"324",2022,"SE","FT","Data Scientist",120000,"USD",120000,"US",0,"US","L",TRUE,12,TRUE,TRUE,TRUE
"325",2022,"SE","FT","Data Analyst",124190,"USD",124190,"US",100,"US","M",TRUE,12.419,TRUE,TRUE,TRUE
"326",2022,"EX","FT","Data Analyst",130000,"USD",130000,"US",100,"US","M",TRUE,13,TRUE,TRUE,TRUE
"327",2022,"EX","FT","Data Analyst",110000,"USD",110000,"US",100,"US","M",TRUE,11,TRUE,TRUE,TRUE
"328",2022,"SE","FT","Data Analyst",170000,"USD",170000,"US",100,"US","M",TRUE,17,TRUE,TRUE,TRUE
"329",2022,"MI","FT","Data Analyst",115500,"USD",115500,"US",100,"US","M",TRUE,11.55,TRUE,TRUE,TRUE
"330",2022,"SE","FT","Data Analyst",112900,"USD",112900,"US",100,"US","M",TRUE,11.29,TRUE,TRUE,TRUE
"331",2022,"SE","FT","Data Analyst",90320,"USD",90320,"US",100,"US","M",TRUE,9.032,TRUE,TRUE,TRUE
"332",2022,"SE","FT","Data Analyst",112900,"USD",112900,"US",100,"US","M",TRUE,11.29,TRUE,TRUE,TRUE
"333",2022,"SE","FT","Data Analyst",90320,"USD",90320,"US",100,"US","M",TRUE,9.032,TRUE,TRUE,TRUE
"334",2022,"SE","FT","Data Engineer",165400,"USD",165400,"US",100,"US","M",TRUE,16.54,TRUE,TRUE,TRUE
"335",2022,"SE","FT","Data Engineer",132320,"USD",132320,"US",100,"US","M",TRUE,13.232,TRUE,TRUE,TRUE
"336",2022,"MI","FT","Data Analyst",167000,"USD",167000,"US",100,"US","M",TRUE,16.7,TRUE,TRUE,TRUE
"337",2022,"SE","FT","Data Engineer",243900,"USD",243900,"US",100,"US","M",TRUE,24.39,TRUE,TRUE,TRUE
"338",2022,"SE","FT","Data Analyst",136600,"USD",136600,"US",100,"US","M",TRUE,13.66,TRUE,TRUE,TRUE
"339",2022,"SE","FT","Data Analyst",109280,"USD",109280,"US",100,"US","M",TRUE,10.928,TRUE,TRUE,TRUE
"340",2022,"SE","FT","Data Engineer",128875,"USD",128875,"US",100,"US","M",TRUE,12.8875,TRUE,TRUE,TRUE
"341",2022,"SE","FT","Data Engineer",93700,"USD",93700,"US",100,"US","M",TRUE,9.37,TRUE,TRUE,TRUE
"342",2022,"EX","FT","Head of Data Science",224000,"USD",224000,"US",100,"US","M",TRUE,22.4,TRUE,TRUE,TRUE
"343",2022,"EX","FT","Head of Data Science",167875,"USD",167875,"US",100,"US","M",TRUE,16.7875,TRUE,TRUE,TRUE
"344",2022,"EX","FT","Analytics Engineer",175000,"USD",175000,"US",100,"US","M",TRUE,17.5,TRUE,TRUE,TRUE
"345",2022,"SE","FT","Data Engineer",156600,"USD",156600,"US",100,"US","M",TRUE,15.66,TRUE,TRUE,TRUE
"346",2022,"SE","FT","Data Engineer",108800,"USD",108800,"US",0,"US","M",TRUE,10.88,TRUE,TRUE,TRUE
"347",2022,"SE","FT","Data Scientist",95550,"USD",95550,"US",0,"US","M",TRUE,9.555,TRUE,TRUE,TRUE
"348",2022,"SE","FT","Data Engineer",113000,"USD",113000,"US",0,"US","L",TRUE,11.3,TRUE,TRUE,TRUE
"349",2022,"SE","FT","Data Analyst",135000,"USD",135000,"US",100,"US","M",TRUE,13.5,TRUE,TRUE,TRUE
"350",2022,"SE","FT","Data Science Manager",161342,"USD",161342,"US",100,"US","M",TRUE,16.1342,TRUE,TRUE,TRUE
"351",2022,"SE","FT","Data Science Manager",137141,"USD",137141,"US",100,"US","M",TRUE,13.7141,TRUE,TRUE,TRUE
"352",2022,"SE","FT","Data Scientist",167000,"USD",167000,"US",100,"US","M",TRUE,16.7,TRUE,TRUE,TRUE
"353",2022,"SE","FT","Data Scientist",123000,"USD",123000,"US",100,"US","M",TRUE,12.3,TRUE,TRUE,TRUE
"354",2022,"SE","FT","Data Engineer",60000,"GBP",78526,"GB",0,"GB","M",FALSE,7.8526,TRUE,FALSE,TRUE
"355",2022,"SE","FT","Data Engineer",50000,"GBP",65438,"GB",0,"GB","M",FALSE,6.5438,TRUE,FALSE,TRUE
"356",2022,"SE","FT","Data Scientist",150000,"USD",150000,"US",0,"US","M",TRUE,15,TRUE,TRUE,TRUE
"357",2022,"SE","FT","Data Scientist",211500,"USD",211500,"US",100,"US","M",TRUE,21.15,TRUE,TRUE,TRUE
"358",2022,"SE","FT","Data Architect",192400,"USD",192400,"CA",100,"CA","M",FALSE,19.24,TRUE,FALSE,TRUE
"359",2022,"SE","FT","Data Architect",90700,"USD",90700,"CA",100,"CA","M",FALSE,9.07,TRUE,FALSE,TRUE
"360",2022,"SE","FT","Data Analyst",130000,"USD",130000,"CA",100,"CA","M",FALSE,13,TRUE,FALSE,TRUE
"361",2022,"SE","FT","Data Analyst",61300,"USD",61300,"CA",100,"CA","M",FALSE,6.13,TRUE,FALSE,TRUE
"362",2022,"SE","FT","Data Analyst",130000,"USD",130000,"CA",100,"CA","M",FALSE,13,TRUE,FALSE,TRUE
"363",2022,"SE","FT","Data Analyst",61300,"USD",61300,"CA",100,"CA","M",FALSE,6.13,TRUE,FALSE,TRUE
"364",2022,"SE","FT","Data Engineer",160000,"USD",160000,"US",0,"US","L",TRUE,16,TRUE,TRUE,TRUE
"365",2022,"SE","FT","Data Scientist",138600,"USD",138600,"US",100,"US","M",TRUE,13.86,TRUE,TRUE,TRUE
"366",2022,"SE","FT","Data Engineer",136000,"USD",136000,"US",0,"US","M",TRUE,13.6,TRUE,TRUE,TRUE
"367",2022,"MI","FT","Data Analyst",58000,"USD",58000,"US",0,"US","S",TRUE,5.8,TRUE,TRUE,TRUE
"368",2022,"EX","FT","Analytics Engineer",135000,"USD",135000,"US",100,"US","M",TRUE,13.5,TRUE,TRUE,TRUE
"369",2022,"SE","FT","Data Scientist",170000,"USD",170000,"US",100,"US","M",TRUE,17,TRUE,TRUE,TRUE
"370",2022,"SE","FT","Data Scientist",123000,"USD",123000,"US",100,"US","M",TRUE,12.3,TRUE,TRUE,TRUE
"371",2022,"SE","FT","Machine Learning Engineer",189650,"USD",189650,"US",0,"US","M",TRUE,18.965,TRUE,TRUE,TRUE
"372",2022,"SE","FT","Machine Learning Engineer",164996,"USD",164996,"US",0,"US","M",TRUE,16.4996,TRUE,TRUE,TRUE
"373",2022,"MI","FT","ETL Developer",50000,"EUR",54957,"GR",0,"GR","M",FALSE,5.4957,TRUE,FALSE,TRUE
"374",2022,"MI","FT","ETL Developer",50000,"EUR",54957,"GR",0,"GR","M",FALSE,5.4957,TRUE,FALSE,TRUE
"375",2022,"EX","FT","Lead Data Engineer",150000,"CAD",118187,"CA",100,"CA","S",FALSE,11.8187,TRUE,FALSE,TRUE
"376",2022,"SE","FT","Data Analyst",132000,"USD",132000,"US",0,"US","M",TRUE,13.2,TRUE,TRUE,TRUE
"377",2022,"SE","FT","Data Engineer",165400,"USD",165400,"US",100,"US","M",TRUE,16.54,TRUE,TRUE,TRUE
"378",2022,"SE","FT","Data Architect",208775,"USD",208775,"US",100,"US","M",TRUE,20.8775,TRUE,TRUE,TRUE
"379",2022,"SE","FT","Data Architect",147800,"USD",147800,"US",100,"US","M",TRUE,14.78,TRUE,TRUE,TRUE
"380",2022,"SE","FT","Data Engineer",136994,"USD",136994,"US",100,"US","M",TRUE,13.6994,TRUE,TRUE,TRUE
"381",2022,"SE","FT","Data Engineer",101570,"USD",101570,"US",100,"US","M",TRUE,10.157,TRUE,TRUE,TRUE
"382",2022,"SE","FT","Data Analyst",128875,"USD",128875,"US",100,"US","M",TRUE,12.8875,TRUE,TRUE,TRUE
"383",2022,"SE","FT","Data Analyst",93700,"USD",93700,"US",100,"US","M",TRUE,9.37,TRUE,TRUE,TRUE
"384",2022,"EX","FT","Head of Machine Learning",6000000,"INR",79039,"IN",50,"IN","L",FALSE,7.9039,TRUE,FALSE,TRUE
"385",2022,"SE","FT","Data Engineer",132320,"USD",132320,"US",100,"US","M",TRUE,13.232,TRUE,TRUE,TRUE
"386",2022,"EN","FT","Machine Learning Engineer",28500,"GBP",37300,"GB",100,"GB","L",FALSE,3.73,TRUE,FALSE,TRUE
"387",2022,"SE","FT","Data Analyst",164000,"USD",164000,"US",0,"US","M",TRUE,16.4,TRUE,TRUE,TRUE
"388",2022,"SE","FT","Data Engineer",155000,"USD",155000,"US",100,"US","M",TRUE,15.5,TRUE,TRUE,TRUE
"389",2022,"MI","FT","Machine Learning Engineer",95000,"GBP",124333,"GB",0,"GB","M",FALSE,12.4333,TRUE,FALSE,TRUE
"390",2022,"MI","FT","Machine Learning Engineer",75000,"GBP",98158,"GB",0,"GB","M",FALSE,9.8158,TRUE,FALSE,TRUE
"391",2022,"MI","FT","AI Scientist",120000,"USD",120000,"US",0,"US","M",TRUE,12,TRUE,TRUE,TRUE
"392",2022,"SE","FT","Data Analyst",112900,"USD",112900,"US",100,"US","M",TRUE,11.29,TRUE,TRUE,TRUE
"393",2022,"SE","FT","Data Analyst",90320,"USD",90320,"US",100,"US","M",TRUE,9.032,TRUE,TRUE,TRUE
"394",2022,"SE","FT","Data Analytics Manager",145000,"USD",145000,"US",100,"US","M",TRUE,14.5,TRUE,TRUE,TRUE
"395",2022,"SE","FT","Data Analytics Manager",105400,"USD",105400,"US",100,"US","M",TRUE,10.54,TRUE,TRUE,TRUE
"396",2022,"MI","FT","Machine Learning Engineer",80000,"EUR",87932,"FR",100,"DE","M",FALSE,8.7932,TRUE,FALSE,TRUE
"397",2022,"MI","FT","Data Engineer",90000,"GBP",117789,"GB",0,"GB","M",FALSE,11.7789,TRUE,FALSE,TRUE
"398",2022,"SE","FT","Data Scientist",215300,"USD",215300,"US",100,"US","L",TRUE,21.53,TRUE,TRUE,TRUE
"399",2022,"SE","FT","Data Scientist",158200,"USD",158200,"US",100,"US","L",TRUE,15.82,TRUE,TRUE,TRUE
"400",2022,"SE","FT","Data Engineer",209100,"USD",209100,"US",100,"US","L",TRUE,20.91,TRUE,TRUE,TRUE
"401",2022,"SE","FT","Data Engineer",154600,"USD",154600,"US",100,"US","L",TRUE,15.46,TRUE,TRUE,TRUE
"402",2022,"SE","FT","Data Analyst",115934,"USD",115934,"US",0,"US","M",TRUE,11.5934,TRUE,TRUE,TRUE
"403",2022,"SE","FT","Data Analyst",81666,"USD",81666,"US",0,"US","M",TRUE,8.1666,TRUE,TRUE,TRUE
"404",2022,"SE","FT","Data Engineer",175000,"USD",175000,"US",100,"US","M",TRUE,17.5,TRUE,TRUE,TRUE
"405",2022,"MI","FT","Data Engineer",75000,"GBP",98158,"GB",0,"GB","M",FALSE,9.8158,TRUE,FALSE,TRUE
"406",2022,"MI","FT","Data Analyst",58000,"USD",58000,"US",0,"US","S",TRUE,5.8,TRUE,TRUE,TRUE
"407",2022,"SE","FT","Data Engineer",183600,"USD",183600,"US",100,"US","L",TRUE,18.36,TRUE,TRUE,TRUE
"408",2022,"MI","FT","Data Analyst",40000,"GBP",52351,"GB",100,"GB","M",FALSE,5.2351,TRUE,FALSE,TRUE
"409",2022,"SE","FT","Data Scientist",180000,"USD",180000,"US",100,"US","M",TRUE,18,TRUE,TRUE,TRUE
"410",2022,"MI","FT","Data Scientist",55000,"GBP",71982,"GB",0,"GB","M",FALSE,7.1982,TRUE,FALSE,TRUE
"411",2022,"MI","FT","Data Scientist",35000,"GBP",45807,"GB",0,"GB","M",FALSE,4.5807,TRUE,FALSE,TRUE
"412",2022,"MI","FT","Data Engineer",60000,"EUR",65949,"GR",100,"GR","M",FALSE,6.5949,TRUE,FALSE,TRUE
"413",2022,"MI","FT","Data Engineer",45000,"EUR",49461,"GR",100,"GR","M",FALSE,4.9461,TRUE,FALSE,TRUE
"414",2022,"MI","FT","Data Engineer",60000,"GBP",78526,"GB",100,"GB","M",FALSE,7.8526,TRUE,FALSE,TRUE
"415",2022,"MI","FT","Data Engineer",45000,"GBP",58894,"GB",100,"GB","M",FALSE,5.8894,TRUE,FALSE,TRUE
"416",2022,"SE","FT","Data Scientist",260000,"USD",260000,"US",100,"US","M",TRUE,26,TRUE,TRUE,TRUE
"417",2022,"SE","FT","Data Science Engineer",60000,"USD",60000,"AR",100,"MX","L",FALSE,6,TRUE,FALSE,TRUE
"418",2022,"MI","FT","Data Engineer",63900,"USD",63900,"US",0,"US","M",TRUE,6.39,TRUE,TRUE,TRUE
"419",2022,"MI","FT","Machine Learning Scientist",160000,"USD",160000,"US",100,"US","L",TRUE,16,TRUE,TRUE,TRUE
"420",2022,"MI","FT","Machine Learning Scientist",112300,"USD",112300,"US",100,"US","L",TRUE,11.23,TRUE,TRUE,TRUE
"421",2022,"MI","FT","Data Science Manager",241000,"USD",241000,"US",100,"US","M",TRUE,24.1,TRUE,TRUE,TRUE
"422",2022,"MI","FT","Data Science Manager",159000,"USD",159000,"US",100,"US","M",TRUE,15.9,TRUE,TRUE,TRUE
"423",2022,"SE","FT","Data Scientist",180000,"USD",180000,"US",0,"US","M",TRUE,18,TRUE,TRUE,TRUE
"424",2022,"SE","FT","Data Scientist",80000,"USD",80000,"US",0,"US","M",TRUE,8,TRUE,TRUE,TRUE
"425",2022,"MI","FT","Data Engineer",82900,"USD",82900,"US",0,"US","M",TRUE,8.29,TRUE,TRUE,TRUE
"426",2022,"SE","FT","Data Engineer",100800,"USD",100800,"US",100,"US","L",TRUE,10.08,TRUE,TRUE,TRUE
"427",2022,"MI","FT","Data Engineer",45000,"EUR",49461,"ES",100,"ES","M",FALSE,4.9461,TRUE,FALSE,TRUE
"428",2022,"SE","FT","Data Scientist",140400,"USD",140400,"US",0,"US","L",TRUE,14.04,TRUE,TRUE,TRUE
"429",2022,"MI","FT","Data Analyst",30000,"GBP",39263,"GB",100,"GB","M",FALSE,3.9263,TRUE,FALSE,TRUE
"430",2022,"MI","FT","Data Analyst",40000,"EUR",43966,"ES",100,"ES","M",FALSE,4.3966,TRUE,FALSE,TRUE
"431",2022,"MI","FT","Data Analyst",30000,"EUR",32974,"ES",100,"ES","M",FALSE,3.2974,TRUE,FALSE,TRUE
"432",2022,"MI","FT","Data Engineer",80000,"EUR",87932,"ES",100,"ES","M",FALSE,8.7932,TRUE,FALSE,TRUE
"433",2022,"MI","FT","Data Engineer",70000,"EUR",76940,"ES",100,"ES","M",FALSE,7.694,TRUE,FALSE,TRUE
"434",2022,"MI","FT","Data Engineer",80000,"GBP",104702,"GB",100,"GB","M",FALSE,10.4702,TRUE,FALSE,TRUE
"435",2022,"MI","FT","Data Engineer",70000,"GBP",91614,"GB",100,"GB","M",FALSE,9.1614,TRUE,FALSE,TRUE
"436",2022,"MI","FT","Data Engineer",60000,"EUR",65949,"ES",100,"ES","M",FALSE,6.5949,TRUE,FALSE,TRUE
"437",2022,"MI","FT","Data Engineer",80000,"EUR",87932,"GR",100,"GR","M",FALSE,8.7932,TRUE,FALSE,TRUE
"438",2022,"SE","FT","Machine Learning Engineer",189650,"USD",189650,"US",0,"US","M",TRUE,18.965,TRUE,TRUE,TRUE
"439",2022,"SE","FT","Machine Learning Engineer",164996,"USD",164996,"US",0,"US","M",TRUE,16.4996,TRUE,TRUE,TRUE
"440",2022,"MI","FT","Data Analyst",40000,"EUR",43966,"GR",100,"GR","M",FALSE,4.3966,TRUE,FALSE,TRUE
"441",2022,"MI","FT","Data Analyst",30000,"EUR",32974,"GR",100,"GR","M",FALSE,3.2974,TRUE,FALSE,TRUE
"442",2022,"MI","FT","Data Engineer",75000,"GBP",98158,"GB",100,"GB","M",FALSE,9.8158,TRUE,FALSE,TRUE
"443",2022,"MI","FT","Data Engineer",60000,"GBP",78526,"GB",100,"GB","M",FALSE,7.8526,TRUE,FALSE,TRUE
"444",2022,"SE","FT","Data Scientist",215300,"USD",215300,"US",0,"US","L",TRUE,21.53,TRUE,TRUE,TRUE
"445",2022,"MI","FT","Data Engineer",70000,"EUR",76940,"GR",100,"GR","M",FALSE,7.694,TRUE,FALSE,TRUE
"446",2022,"SE","FT","Data Engineer",209100,"USD",209100,"US",100,"US","L",TRUE,20.91,TRUE,TRUE,TRUE
"447",2022,"SE","FT","Data Engineer",154600,"USD",154600,"US",100,"US","L",TRUE,15.46,TRUE,TRUE,TRUE
"448",2022,"SE","FT","Data Engineer",180000,"USD",180000,"US",100,"US","M",TRUE,18,TRUE,TRUE,TRUE
"449",2022,"EN","FT","ML Engineer",20000,"EUR",21983,"PT",100,"PT","L",FALSE,2.1983,TRUE,FALSE,TRUE
"450",2022,"SE","FT","Data Engineer",80000,"USD",80000,"US",100,"US","M",TRUE,8,TRUE,TRUE,TRUE
"451",2022,"MI","FT","Machine Learning Developer",100000,"CAD",78791,"CA",100,"CA","M",FALSE,7.8791,TRUE,FALSE,TRUE
"452",2022,"EX","FT","Director of Data Science",250000,"CAD",196979,"CA",50,"CA","L",FALSE,19.6979,TRUE,FALSE,TRUE
"453",2022,"MI","FT","Machine Learning Engineer",120000,"USD",120000,"US",100,"US","S",TRUE,12,TRUE,TRUE,TRUE
"454",2022,"EN","FT","Computer Vision Engineer",125000,"USD",125000,"US",0,"US","M",TRUE,12.5,TRUE,TRUE,TRUE
"455",2022,"MI","FT","NLP Engineer",240000,"CNY",37236,"US",50,"US","L",TRUE,3.7236,TRUE,TRUE,TRUE
"456",2022,"SE","FT","Data Engineer",105000,"USD",105000,"US",100,"US","M",TRUE,10.5,TRUE,TRUE,TRUE
"457",2022,"SE","FT","Lead Machine Learning Engineer",80000,"EUR",87932,"DE",0,"DE","M",FALSE,8.7932,TRUE,FALSE,TRUE
"458",2022,"MI","FT","Business Data Analyst",1400000,"INR",18442,"IN",100,"IN","M",FALSE,1.8442,TRUE,FALSE,TRUE
"459",2022,"MI","FT","Data Scientist",2400000,"INR",31615,"IN",100,"IN","L",FALSE,3.1615,TRUE,FALSE,TRUE
"460",2022,"MI","FT","Machine Learning Infrastructure Engineer",53000,"EUR",58255,"PT",50,"PT","L",FALSE,5.8255,TRUE,FALSE,TRUE
"461",2022,"EN","FT","Financial Data Analyst",100000,"USD",100000,"US",50,"US","L",TRUE,10,TRUE,TRUE,TRUE
"462",2022,"MI","PT","Data Engineer",50000,"EUR",54957,"DE",50,"DE","L",FALSE,5.4957,FALSE,FALSE,TRUE
"463",2022,"EN","FT","Data Scientist",1400000,"INR",18442,"IN",100,"IN","M",FALSE,1.8442,TRUE,FALSE,TRUE
"464",2022,"SE","FT","Principal Data Scientist",148000,"EUR",162674,"DE",100,"DE","M",FALSE,16.2674,TRUE,FALSE,TRUE
"465",2022,"EN","FT","Data Engineer",120000,"USD",120000,"US",100,"US","M",TRUE,12,TRUE,TRUE,TRUE
"466",2022,"SE","FT","Research Scientist",144000,"USD",144000,"US",50,"US","L",TRUE,14.4,TRUE,TRUE,TRUE
"467",2022,"SE","FT","Data Scientist",104890,"USD",104890,"US",100,"US","M",TRUE,10.489,TRUE,TRUE,TRUE
"468",2022,"SE","FT","Data Engineer",100000,"USD",100000,"US",100,"US","M",TRUE,10,TRUE,TRUE,TRUE
"469",2022,"SE","FT","Data Scientist",140000,"USD",140000,"US",100,"US","M",TRUE,14,TRUE,TRUE,TRUE
"470",2022,"MI","FT","Data Analyst",135000,"USD",135000,"US",100,"US","M",TRUE,13.5,TRUE,TRUE,TRUE
"471",2022,"MI","FT","Data Analyst",50000,"USD",50000,"US",100,"US","M",TRUE,5,TRUE,TRUE,TRUE
"472",2022,"SE","FT","Data Scientist",220000,"USD",220000,"US",100,"US","M",TRUE,22,TRUE,TRUE,TRUE
"473",2022,"SE","FT","Data Scientist",140000,"USD",140000,"US",100,"US","M",TRUE,14,TRUE,TRUE,TRUE
"474",2022,"MI","FT","Data Scientist",140000,"GBP",183228,"GB",0,"GB","M",FALSE,18.3228,TRUE,FALSE,TRUE
"475",2022,"MI","FT","Data Scientist",70000,"GBP",91614,"GB",0,"GB","M",FALSE,9.1614,TRUE,FALSE,TRUE
"476",2022,"SE","FT","Data Scientist",185100,"USD",185100,"US",100,"US","M",TRUE,18.51,TRUE,TRUE,TRUE
"477",2022,"SE","FT","Machine Learning Engineer",220000,"USD",220000,"US",100,"US","M",TRUE,22,TRUE,TRUE,TRUE
"478",2022,"MI","FT","Data Scientist",200000,"USD",200000,"US",100,"US","M",TRUE,20,TRUE,TRUE,TRUE
"479",2022,"MI","FT","Data Scientist",120000,"USD",120000,"US",100,"US","M",TRUE,12,TRUE,TRUE,TRUE
"480",2022,"SE","FT","Machine Learning Engineer",120000,"USD",120000,"AE",100,"AE","S",FALSE,12,TRUE,FALSE,TRUE
"481",2022,"SE","FT","Machine Learning Engineer",65000,"USD",65000,"AE",100,"AE","S",FALSE,6.5,TRUE,FALSE,TRUE
"482",2022,"EX","FT","Data Engineer",324000,"USD",324000,"US",100,"US","M",TRUE,32.4,TRUE,TRUE,TRUE
"483",2022,"EX","FT","Data Engineer",216000,"USD",216000,"US",100,"US","M",TRUE,21.6,TRUE,TRUE,TRUE
"484",2022,"SE","FT","Data Engineer",210000,"USD",210000,"US",100,"US","M",TRUE,21,TRUE,TRUE,TRUE
"485",2022,"SE","FT","Machine Learning Engineer",120000,"USD",120000,"US",100,"US","M",TRUE,12,TRUE,TRUE,TRUE
"486",2022,"SE","FT","Data Scientist",230000,"USD",230000,"US",100,"US","M",TRUE,23,TRUE,TRUE,TRUE
"487",2022,"EN","PT","Data Scientist",100000,"USD",100000,"DZ",50,"DZ","M",FALSE,10,FALSE,FALSE,TRUE
"488",2022,"MI","FL","Data Scientist",100000,"USD",100000,"CA",100,"US","M",TRUE,10,FALSE,FALSE,TRUE
"489",2022,"EN","CT","Applied Machine Learning Scientist",29000,"EUR",31875,"TN",100,"CZ","M",FALSE,3.1875,FALSE,FALSE,TRUE
"490",2022,"SE","FT","Head of Data",200000,"USD",200000,"MY",100,"US","M",TRUE,20,TRUE,FALSE,TRUE
"491",2022,"MI","FT","Principal Data Analyst",75000,"USD",75000,"CA",100,"CA","S",FALSE,7.5,TRUE,FALSE,TRUE
"492",2022,"MI","FT","Data Scientist",150000,"PLN",35590,"PL",100,"PL","L",FALSE,3.559,TRUE,FALSE,TRUE
"493",2022,"SE","FT","Machine Learning Developer",100000,"CAD",78791,"CA",100,"CA","M",FALSE,7.8791,TRUE,FALSE,TRUE
"494",2022,"SE","FT","Data Scientist",100000,"USD",100000,"BR",100,"US","M",TRUE,10,TRUE,FALSE,TRUE
"495",2022,"MI","FT","Machine Learning Scientist",153000,"USD",153000,"US",50,"US","M",TRUE,15.3,TRUE,TRUE,TRUE
"496",2022,"EN","FT","Data Engineer",52800,"EUR",58035,"PK",100,"DE","M",FALSE,5.8035,TRUE,FALSE,TRUE
"497",2022,"SE","FT","Data Scientist",165000,"USD",165000,"US",100,"US","M",TRUE,16.5,TRUE,TRUE,TRUE
"498",2022,"SE","FT","Research Scientist",85000,"EUR",93427,"FR",50,"FR","L",FALSE,9.3427,TRUE,FALSE,TRUE
"499",2022,"EN","FT","Data Scientist",66500,"CAD",52396,"CA",100,"CA","L",FALSE,5.2396,TRUE,FALSE,TRUE
"500",2022,"SE","FT","Machine Learning Engineer",57000,"EUR",62651,"NL",100,"NL","L",FALSE,6.2651,TRUE,FALSE,TRUE
"501",2022,"MI","FT","Head of Data",30000,"EUR",32974,"EE",100,"EE","S",FALSE,3.2974,TRUE,FALSE,TRUE
"502",2022,"EN","FT","Data Scientist",40000,"USD",40000,"JP",100,"MY","L",FALSE,4,TRUE,FALSE,TRUE
"503",2022,"MI","FT","Machine Learning Engineer",121000,"AUD",87425,"AU",100,"AU","L",FALSE,8.7425,TRUE,FALSE,TRUE
"504",2022,"SE","FT","Data Engineer",115000,"USD",115000,"US",100,"US","M",TRUE,11.5,TRUE,TRUE,TRUE
"505",2022,"EN","FT","Data Scientist",120000,"AUD",86703,"AU",50,"AU","M",FALSE,8.6703,TRUE,FALSE,TRUE
"506",2022,"MI","FT","Applied Machine Learning Scientist",75000,"USD",75000,"BO",100,"US","L",TRUE,7.5,TRUE,FALSE,TRUE
"507",2022,"MI","FT","Research Scientist",59000,"EUR",64849,"AT",0,"AT","L",FALSE,6.4849,TRUE,FALSE,TRUE
"508",2022,"EN","FT","Research Scientist",120000,"USD",120000,"US",100,"US","L",TRUE,12,TRUE,TRUE,TRUE
"509",2022,"MI","FT","Applied Data Scientist",157000,"USD",157000,"US",100,"US","L",TRUE,15.7,TRUE,TRUE,TRUE
"510",2022,"EN","FT","Computer Vision Software Engineer",150000,"USD",150000,"AU",100,"AU","S",FALSE,15,TRUE,FALSE,TRUE
"511",2022,"MI","FT","Business Data Analyst",90000,"CAD",70912,"CA",50,"CA","L",FALSE,7.0912,TRUE,FALSE,TRUE
"512",2022,"EN","FT","Data Engineer",65000,"USD",65000,"US",100,"US","S",TRUE,6.5,TRUE,TRUE,TRUE
"513",2022,"SE","FT","Machine Learning Engineer",65000,"EUR",71444,"IE",100,"IE","S",FALSE,7.1444,TRUE,FALSE,TRUE
"514",2022,"EN","FT","Data Analytics Engineer",20000,"USD",20000,"PK",0,"PK","M",FALSE,2,TRUE,FALSE,TRUE
"515",2022,"MI","FT","Data Scientist",48000,"USD",48000,"RU",100,"US","S",TRUE,4.8,TRUE,FALSE,TRUE
"516",2022,"SE","FT","Data Science Manager",152500,"USD",152500,"US",100,"US","M",TRUE,15.25,TRUE,TRUE,TRUE
"517",2022,"MI","FT","Data Engineer",62000,"EUR",68147,"FR",100,"FR","M",FALSE,6.8147,TRUE,FALSE,TRUE
"518",2022,"MI","FT","Data Scientist",115000,"CHF",122346,"CH",0,"CH","L",FALSE,12.2346,TRUE,FALSE,TRUE
"519",2022,"SE","FT","Applied Data Scientist",380000,"USD",380000,"US",100,"US","L",TRUE,38,TRUE,TRUE,TRUE
"520",2022,"MI","FT","Data Scientist",88000,"CAD",69336,"CA",100,"CA","M",FALSE,6.9336,TRUE,FALSE,TRUE
"521",2022,"EN","FT","Computer Vision Engineer",10000,"USD",10000,"PT",100,"LU","M",FALSE,1,TRUE,FALSE,TRUE
"522",2022,"MI","FT","Data Analyst",20000,"USD",20000,"GR",100,"GR","S",FALSE,2,TRUE,FALSE,TRUE
"523",2022,"SE","FT","Data Analytics Lead",405000,"USD",405000,"US",100,"US","L",TRUE,40.5,TRUE,TRUE,TRUE
"524",2022,"MI","FT","Data Scientist",135000,"USD",135000,"US",100,"US","L",TRUE,13.5,TRUE,TRUE,TRUE
"525",2022,"SE","FT","Applied Data Scientist",177000,"USD",177000,"US",100,"US","L",TRUE,17.7,TRUE,TRUE,TRUE
"526",2022,"MI","FT","Data Scientist",78000,"USD",78000,"US",100,"US","M",TRUE,7.8,TRUE,TRUE,TRUE
"527",2022,"SE","FT","Data Analyst",135000,"USD",135000,"US",100,"US","M",TRUE,13.5,TRUE,TRUE,TRUE
"528",2022,"SE","FT","Data Analyst",100000,"USD",100000,"US",100,"US","M",TRUE,10,TRUE,TRUE,TRUE
"529",2022,"SE","FT","Data Analyst",90320,"USD",90320,"US",100,"US","M",TRUE,9.032,TRUE,TRUE,TRUE
"530",2022,"MI","FT","Data Analyst",85000,"USD",85000,"CA",0,"CA","M",FALSE,8.5,TRUE,FALSE,TRUE
"531",2022,"MI","FT","Data Analyst",75000,"USD",75000,"CA",0,"CA","M",FALSE,7.5,TRUE,FALSE,TRUE
"532",2022,"SE","FT","Machine Learning Engineer",214000,"USD",214000,"US",100,"US","M",TRUE,21.4,TRUE,TRUE,TRUE
"533",2022,"SE","FT","Machine Learning Engineer",192600,"USD",192600,"US",100,"US","M",TRUE,19.26,TRUE,TRUE,TRUE
"534",2022,"SE","FT","Data Architect",266400,"USD",266400,"US",100,"US","M",TRUE,26.64,TRUE,TRUE,TRUE
"535",2022,"SE","FT","Data Architect",213120,"USD",213120,"US",100,"US","M",TRUE,21.312,TRUE,TRUE,TRUE
"536",2022,"SE","FT","Data Analyst",112900,"USD",112900,"US",100,"US","M",TRUE,11.29,TRUE,TRUE,TRUE
"537",2022,"SE","FT","Data Engineer",155000,"USD",155000,"US",100,"US","M",TRUE,15.5,TRUE,TRUE,TRUE
"538",2022,"MI","FT","Data Scientist",141300,"USD",141300,"US",0,"US","M",TRUE,14.13,TRUE,TRUE,TRUE
"539",2022,"MI","FT","Data Scientist",102100,"USD",102100,"US",0,"US","M",TRUE,10.21,TRUE,TRUE,TRUE
"540",2022,"SE","FT","Data Analyst",115934,"USD",115934,"US",100,"US","M",TRUE,11.5934,TRUE,TRUE,TRUE
"541",2022,"SE","FT","Data Analyst",81666,"USD",81666,"US",100,"US","M",TRUE,8.1666,TRUE,TRUE,TRUE
"542",2022,"MI","FT","Data Engineer",206699,"USD",206699,"US",0,"US","M",TRUE,20.6699,TRUE,TRUE,TRUE
"543",2022,"MI","FT","Data Engineer",99100,"USD",99100,"US",0,"US","M",TRUE,9.91,TRUE,TRUE,TRUE
"544",2022,"SE","FT","Data Engineer",130000,"USD",130000,"US",100,"US","M",TRUE,13,TRUE,TRUE,TRUE
"545",2022,"SE","FT","Data Engineer",115000,"USD",115000,"US",100,"US","M",TRUE,11.5,TRUE,TRUE,TRUE
"546",2022,"SE","FT","Data Engineer",110500,"USD",110500,"US",100,"US","M",TRUE,11.05,TRUE,TRUE,TRUE
"547",2022,"SE","FT","Data Engineer",130000,"USD",130000,"US",100,"US","M",TRUE,13,TRUE,TRUE,TRUE
"548",2022,"SE","FT","Data Analyst",99050,"USD",99050,"US",100,"US","M",TRUE,9.905,TRUE,TRUE,TRUE
"549",2022,"SE","FT","Data Engineer",160000,"USD",160000,"US",100,"US","M",TRUE,16,TRUE,TRUE,TRUE
"550",2022,"SE","FT","Data Scientist",205300,"USD",205300,"US",0,"US","L",TRUE,20.53,TRUE,TRUE,TRUE
"551",2022,"SE","FT","Data Scientist",140400,"USD",140400,"US",0,"US","L",TRUE,14.04,TRUE,TRUE,TRUE
"552",2022,"SE","FT","Data Scientist",176000,"USD",176000,"US",100,"US","M",TRUE,17.6,TRUE,TRUE,TRUE
"553",2022,"SE","FT","Data Scientist",144000,"USD",144000,"US",100,"US","M",TRUE,14.4,TRUE,TRUE,TRUE
"554",2022,"SE","FT","Data Engineer",200100,"USD",200100,"US",100,"US","M",TRUE,20.01,TRUE,TRUE,TRUE
"555",2022,"SE","FT","Data Engineer",160000,"USD",160000,"US",100,"US","M",TRUE,16,TRUE,TRUE,TRUE
"556",2022,"SE","FT","Data Engineer",145000,"USD",145000,"US",100,"US","M",TRUE,14.5,TRUE,TRUE,TRUE
"557",2022,"SE","FT","Data Engineer",70500,"USD",70500,"US",0,"US","M",TRUE,7.05,TRUE,TRUE,TRUE
"558",2022,"SE","FT","Data Scientist",205300,"USD",205300,"US",0,"US","M",TRUE,20.53,TRUE,TRUE,TRUE
"559",2022,"SE","FT","Data Scientist",140400,"USD",140400,"US",0,"US","M",TRUE,14.04,TRUE,TRUE,TRUE
"560",2022,"SE","FT","Analytics Engineer",205300,"USD",205300,"US",0,"US","M",TRUE,20.53,TRUE,TRUE,TRUE
"561",2022,"SE","FT","Analytics Engineer",184700,"USD",184700,"US",0,"US","M",TRUE,18.47,TRUE,TRUE,TRUE
"562",2022,"SE","FT","Data Engineer",175100,"USD",175100,"US",100,"US","M",TRUE,17.51,TRUE,TRUE,TRUE
"563",2022,"SE","FT","Data Engineer",140250,"USD",140250,"US",100,"US","M",TRUE,14.025,TRUE,TRUE,TRUE
"564",2022,"SE","FT","Data Analyst",116150,"USD",116150,"US",100,"US","M",TRUE,11.615,TRUE,TRUE,TRUE
"565",2022,"SE","FT","Data Engineer",54000,"USD",54000,"US",0,"US","M",TRUE,5.4,TRUE,TRUE,TRUE
"566",2022,"SE","FT","Data Analyst",170000,"USD",170000,"US",100,"US","M",TRUE,17,TRUE,TRUE,TRUE
"567",2022,"MI","FT","Data Analyst",50000,"GBP",65438,"GB",0,"GB","M",FALSE,6.5438,TRUE,FALSE,TRUE
"568",2022,"SE","FT","Data Analyst",80000,"USD",80000,"US",100,"US","M",TRUE,8,TRUE,TRUE,TRUE
"569",2022,"SE","FT","Data Scientist",140000,"USD",140000,"US",100,"US","M",TRUE,14,TRUE,TRUE,TRUE
"570",2022,"SE","FT","Data Scientist",210000,"USD",210000,"US",100,"US","M",TRUE,21,TRUE,TRUE,TRUE
"571",2022,"SE","FT","Data Scientist",140000,"USD",140000,"US",100,"US","M",TRUE,14,TRUE,TRUE,TRUE
"572",2022,"SE","FT","Data Analyst",100000,"USD",100000,"US",100,"US","M",TRUE,10,TRUE,TRUE,TRUE
"573",2022,"SE","FT","Data Analyst",69000,"USD",69000,"US",100,"US","M",TRUE,6.9,TRUE,TRUE,TRUE
"574",2022,"SE","FT","Data Scientist",210000,"USD",210000,"US",100,"US","M",TRUE,21,TRUE,TRUE,TRUE
"575",2022,"SE","FT","Data Scientist",140000,"USD",140000,"US",100,"US","M",TRUE,14,TRUE,TRUE,TRUE
"576",2022,"SE","FT","Data Scientist",210000,"USD",210000,"US",100,"US","M",TRUE,21,TRUE,TRUE,TRUE
"577",2022,"SE","FT","Data Analyst",150075,"USD",150075,"US",100,"US","M",TRUE,15.0075,TRUE,TRUE,TRUE
"578",2022,"SE","FT","Data Engineer",100000,"USD",100000,"US",100,"US","M",TRUE,10,TRUE,TRUE,TRUE
"579",2022,"SE","FT","Data Engineer",25000,"USD",25000,"US",100,"US","M",TRUE,2.5,TRUE,TRUE,TRUE
"580",2022,"SE","FT","Data Analyst",126500,"USD",126500,"US",100,"US","M",TRUE,12.65,TRUE,TRUE,TRUE
"581",2022,"SE","FT","Data Analyst",106260,"USD",106260,"US",100,"US","M",TRUE,10.626,TRUE,TRUE,TRUE
"582",2022,"SE","FT","Data Engineer",220110,"USD",220110,"US",100,"US","M",TRUE,22.011,TRUE,TRUE,TRUE
"583",2022,"SE","FT","Data Engineer",160080,"USD",160080,"US",100,"US","M",TRUE,16.008,TRUE,TRUE,TRUE
"584",2022,"SE","FT","Data Analyst",105000,"USD",105000,"US",100,"US","M",TRUE,10.5,TRUE,TRUE,TRUE
"585",2022,"SE","FT","Data Analyst",110925,"USD",110925,"US",100,"US","M",TRUE,11.0925,TRUE,TRUE,TRUE
"586",2022,"MI","FT","Data Analyst",35000,"GBP",45807,"GB",0,"GB","M",FALSE,4.5807,TRUE,FALSE,TRUE
"587",2022,"SE","FT","Data Scientist",140000,"USD",140000,"US",100,"US","M",TRUE,14,TRUE,TRUE,TRUE
"588",2022,"SE","FT","Data Analyst",99000,"USD",99000,"US",0,"US","M",TRUE,9.9,TRUE,TRUE,TRUE
"589",2022,"SE","FT","Data Analyst",60000,"USD",60000,"US",100,"US","M",TRUE,6,TRUE,TRUE,TRUE
"590",2022,"SE","FT","Data Architect",192564,"USD",192564,"US",100,"US","M",TRUE,19.2564,TRUE,TRUE,TRUE
"591",2022,"SE","FT","Data Architect",144854,"USD",144854,"US",100,"US","M",TRUE,14.4854,TRUE,TRUE,TRUE
"592",2022,"SE","FT","Data Scientist",230000,"USD",230000,"US",100,"US","M",TRUE,23,TRUE,TRUE,TRUE
"593",2022,"SE","FT","Data Scientist",150000,"USD",150000,"US",100,"US","M",TRUE,15,TRUE,TRUE,TRUE
"594",2022,"SE","FT","Data Analytics Manager",150260,"USD",150260,"US",100,"US","M",TRUE,15.026,TRUE,TRUE,TRUE
"595",2022,"SE","FT","Data Analytics Manager",109280,"USD",109280,"US",100,"US","M",TRUE,10.928,TRUE,TRUE,TRUE
"596",2022,"SE","FT","Data Scientist",210000,"USD",210000,"US",100,"US","M",TRUE,21,TRUE,TRUE,TRUE
"597",2022,"SE","FT","Data Analyst",170000,"USD",170000,"US",100,"US","M",TRUE,17,TRUE,TRUE,TRUE
"598",2022,"MI","FT","Data Scientist",160000,"USD",160000,"US",100,"US","M",TRUE,16,TRUE,TRUE,TRUE
"599",2022,"MI","FT","Data Scientist",130000,"USD",130000,"US",100,"US","M",TRUE,13,TRUE,TRUE,TRUE
"600",2022,"EN","FT","Data Analyst",67000,"USD",67000,"CA",0,"CA","M",FALSE,6.7,TRUE,FALSE,TRUE
"601",2022,"EN","FT","Data Analyst",52000,"USD",52000,"CA",0,"CA","M",FALSE,5.2,TRUE,FALSE,TRUE
"602",2022,"SE","FT","Data Engineer",154000,"USD",154000,"US",100,"US","M",TRUE,15.4,TRUE,TRUE,TRUE
"603",2022,"SE","FT","Data Engineer",126000,"USD",126000,"US",100,"US","M",TRUE,12.6,TRUE,TRUE,TRUE
"604",2022,"SE","FT","Data Analyst",129000,"USD",129000,"US",0,"US","M",TRUE,12.9,TRUE,TRUE,TRUE
"605",2022,"SE","FT","Data Analyst",150000,"USD",150000,"US",100,"US","M",TRUE,15,TRUE,TRUE,TRUE
"606",2022,"MI","FT","AI Scientist",200000,"USD",200000,"IN",100,"US","L",TRUE,20,TRUE,FALSE,TRUE
